"Int32","Int32","Int32","Int32","Int32","Int32","Int32","Int32","String","String","Int32","Int32","Int32","Int32"
255,255,255,0,0,100,100,100,"VISUAL_BLACK.png","",0,0,1280,720
255,255,255,0,0,100,100,100,"VISUAL_CGMODE.png","",0,0,1280,720
255,255,255,0,0,100,100,100,"VISUAL_EVENT_SAKUXISA.png","",0,0,1280,720
255,255,255,0,0,100,100,100,"VISUAL_EVENTMODE.png","",0,0,1280,720
255,255,255,0,0,100,100,100,"VISUAL_GIGA.png","",0,0,1280,720
255,255,255,0,0,100,100,100,"VISUAL_MUSICMODE.png","",0,0,1280,720
255,255,255,0,0,100,100,100,"VISUAL_OPTEROP01.png","",0,0,1280,720
255,255,255,0,0,100,100,100,"VISUAL_OPTEROP01.png","VISUAL_OPTEROP02.png",423,315,1280,720
255,255,255,0,0,100,100,100,"VISUAL_REPLAYMODE.png","",0,0,1280,720
255,255,255,0,0,100,100,100,"VISUAL_WHITE.png","",0,0,1280,720
255,255,255,0,0,100,100,100,"VISUAL_SAKURAKO_01A.png","",0,0,1280,720
255,255,255,0,0,100,100,100,"VISUAL_SAKURAKO_02A.png","",0,0,1280,720
255,255,255,0,0,100,100,100,"VISUAL_SAKURAKO_04A.png","",0,0,1280,720
255,255,255,0,0,100,100,100,"VISUAL_SAKURAKO_05A.png","",0,0,1280,720
255,255,255,0,0,100,100,100,"VISUAL_SAKURAKO_05A.png","VISUAL_SAKURAKO_05B.png",65,0,1280,720
255,255,255,0,0,100,100,100,"VISUAL_SAKURAKO_08A.png","",0,0,1280,720
255,255,255,0,0,100,100,100,"VISUAL_SAKURAKO_08A.png","VISUAL_SAKURAKO_08B.png",0,0,1280,720
255,255,255,0,0,100,100,100,"VISUAL_SAKURAKO_09A.png","",0,0,1280,720
255,255,255,0,0,100,100,100,"VISUAL_SAKURAKO_10A.png","",0,0,1280,720
255,255,255,0,0,100,100,100,"VISUAL_SAKURAKO_10A.png","VISUAL_SAKURAKO_10B.png",55,0,1280,720
255,255,255,0,0,100,100,100,"VISUAL_SAKURAKO_10A.png","VISUAL_SAKURAKO_10C.png",3,0,1280,720
255,255,255,0,0,100,100,100,"VISUAL_SAKURAKO_10A.png","VISUAL_SAKURAKO_10D.png",55,18,1280,720
255,255,255,0,0,100,100,100,"VISUAL_SAKURAKO_10A.png","VISUAL_SAKURAKO_10E.png",70,0,1280,720
255,255,255,0,0,100,100,100,"VISUAL_SAKURAKO_10A.png","VISUAL_SAKURAKO_10F.png",70,0,1280,720
255,255,255,0,0,100,100,100,"VISUAL_SAKURAKO_10A.png","VISUAL_SAKURAKO_10G.png",138,85,1280,720
255,255,255,0,0,100,100,100,"VISUAL_SAKURAKO_10A.png","VISUAL_SAKURAKO_10H.png",3,0,1280,720
255,255,255,0,0,100,100,100,"VISUAL_SAKURAKO_10A.png","VISUAL_SAKURAKO_10I.png",55,0,1280,720
255,255,255,0,0,100,100,100,"VISUAL_SAKURAKO_10A.png","VISUAL_SAKURAKO_10J.png",55,18,1280,720
255,255,255,0,0,100,100,100,"VISUAL_SAKURAKO_10A.png","VISUAL_SAKURAKO_10K.png",70,0,1280,720
255,255,255,0,0,100,100,100,"VISUAL_SAKURAKO_10A.png","VISUAL_SAKURAKO_10L.png",55,0,1280,720
255,255,255,0,0,100,100,100,"VISUAL_SAKURAKO_11A.png","",0,0,1280,720
255,255,255,0,0,100,100,100,"VISUAL_SAKURAKO_11A.png","VISUAL_SAKURAKO_11B.png",17,0,1280,720
255,255,255,0,0,100,100,100,"VISUAL_SAKURAKO_11A.png","VISUAL_SAKURAKO_11C.png",188,0,1280,720
255,255,255,0,0,100,100,100,"VISUAL_SAKURAKO_12A.png","",0,0,1280,720
255,255,255,0,0,100,100,100,"VISUAL_SAKURAKO_12A.png","VISUAL_SAKURAKO_12B.png",198,0,1280,720
255,255,255,0,0,100,100,100,"VISUAL_SAKURAKO_12A.png","VISUAL_SAKURAKO_12C.png",186,39,1280,720
255,255,255,0,0,100,100,100,"VISUAL_SAKURAKO_12A.png","VISUAL_SAKURAKO_12D.png",35,0,1280,720
255,255,255,0,0,100,100,100,"VISUAL_SAKURAKO_12E.png","",0,0,1280,720
255,255,255,0,0,100,100,100,"VISUAL_SAKURAKO_12E.png","VISUAL_SAKURAKO_12F.png",38,0,1280,720
255,255,255,0,0,100,100,100,"VISUAL_SAKURAKO_12E.png","VISUAL_SAKURAKO_12G.png",129,67,1280,720
255,255,255,0,0,100,100,100,"VISUAL_SAKURAKO_12E.png","VISUAL_SAKURAKO_12H.png",129,0,1280,720
255,255,255,0,0,100,100,100,"VISUAL_SAKURAKO_13A.png","",0,0,1280,720
255,255,255,0,0,100,100,100,"VISUAL_SAKURAKO_14A.png","",0,0,1280,720
255,255,255,0,0,100,100,100,"VISUAL_SAKURAKO_15A.png","",0,0,1280,720
255,255,255,0,0,100,100,100,"VISUAL_SAKURAKO_E01A.png","",0,0,1280,720
255,255,255,0,0,100,100,100,"VISUAL_SAKURAKO_H01A.png","",0,0,1280,720
255,255,255,0,0,100,100,100,"VISUAL_SAKURAKO_H01A.png","VISUAL_SAKURAKO_H01B.png",292,0,1280,720
255,255,255,0,0,100,100,100,"VISUAL_ISAKI_01A.png","",0,0,1280,720
255,255,255,0,0,100,100,100,"VISUAL_ISAKI_02A.png","",0,0,1280,720
255,255,255,0,0,100,100,100,"VISUAL_ISAKI_03A.png","",0,0,1280,720
255,255,255,0,0,100,100,100,"VISUAL_ISAKI_04A.png","",0,0,1280,720
255,255,255,0,0,100,100,100,"VISUAL_ISAKI_04A.png","VISUAL_ISAKI_04B.png",284,0,1280,720
255,255,255,0,0,100,100,100,"VISUAL_ISAKI_04A.png","VISUAL_ISAKI_04C.png",284,0,1280,720
255,255,255,0,0,100,100,100,"VISUAL_ISAKI_06A.png","",0,0,1280,720
255,255,255,0,0,100,100,100,"VISUAL_ISAKI_07A.png","",0,0,1280,720
255,255,255,0,0,100,100,100,"VISUAL_ISAKI_08A.png","",0,0,1280,720
255,255,255,0,0,100,100,100,"VISUAL_ISAKI_09A.png","",0,0,1280,720
255,255,255,0,0,100,100,100,"VISUAL_ISAKI_11A.png","",0,0,1280,720
255,255,255,0,0,100,100,100,"VISUAL_ISAKI_12A.png","",0,0,1280,720
255,255,255,0,0,100,100,100,"VISUAL_ISAKI_13A.png","",0,0,1280,720
255,255,255,0,0,100,100,100,"VISUAL_ISAKI_15A.png","",0,0,1280,720
255,255,255,0,0,100,100,100,"VISUAL_ISAKI_E01A.png","",0,0,1280,720
255,255,255,0,0,100,100,100,"VISUAL_ISAKI_E01A.png","VISUAL_ISAKI_E01B.png",173,0,1280,720
255,255,255,0,0,100,100,100,"VISUAL_ISAKI_H01A.png","",0,0,1280,720
255,255,255,0,0,100,100,100,"VISUAL_ISAKI_H01A.png","VISUAL_ISAKI_H01B.png",11,2,1280,720
255,255,255,0,0,100,100,100,"VISUAL_MII_01A.png","",0,0,1280,720
255,255,255,0,0,100,100,100,"VISUAL_MII_01A.png","VISUAL_MII_01B.png",18,1,1280,720
255,255,255,0,0,100,100,100,"VISUAL_MII_02A.png","",0,0,1280,720
255,255,255,0,0,100,100,100,"VISUAL_MII_02A.png","VISUAL_MII_02B.png",14,36,1280,720
255,255,255,0,0,100,100,100,"VISUAL_MII_02A.png","VISUAL_MII_02C.png",28,0,1280,720
255,255,255,0,0,100,100,100,"VISUAL_MII_02A.png","VISUAL_MII_02D.png",14,0,1280,720
255,255,255,0,0,100,100,100,"VISUAL_MII_03A.png","",0,0,1280,720
255,255,255,0,0,100,100,100,"VISUAL_MII_03A.png","VISUAL_MII_03B.png",145,0,1280,720
255,255,255,0,0,100,100,100,"VISUAL_MII_04A.png","",0,0,1280,720
255,255,255,0,0,100,100,100,"VISUAL_MII_05A.png","",0,0,1280,720
255,255,255,0,0,100,100,100,"VISUAL_MII_06A.png","",0,0,1280,720
255,255,255,0,0,100,100,100,"VISUAL_MII_07A.png","",0,0,1280,720
255,255,255,0,0,100,100,100,"VISUAL_MII_08A.png","",0,0,1280,720
255,255,255,0,0,100,100,100,"VISUAL_MII_08B.png","",0,0,1280,720
255,255,255,0,0,100,100,100,"VISUAL_MII_08B.png","VISUAL_MII_08C.png",89,0,1280,720
255,255,255,0,0,100,100,100,"VISUAL_MII_09A.png","",0,0,1280,720
255,255,255,0,0,100,100,100,"VISUAL_MII_09B.png","",0,0,1280,720
255,255,255,0,0,100,100,100,"VISUAL_MII_09C.png","",0,0,1280,720
255,255,255,0,0,100,100,100,"VISUAL_MII_09D.png","",0,0,1280,720
255,255,255,0,0,100,100,100,"VISUAL_MII_09E.png","",0,0,1280,720
255,255,255,0,0,100,100,100,"VISUAL_MII_10A.png","",0,0,1280,720
255,255,255,0,0,100,100,100,"VISUAL_MII_11A.png","",0,0,1280,720
255,255,255,0,0,100,100,100,"VISUAL_MII_11A.png","VISUAL_MII_11B.png",193,0,1280,720
255,255,255,0,0,100,100,100,"VISUAL_MII_11A.png","VISUAL_MII_11C.png",87,0,1280,720
255,255,255,0,0,100,100,100,"VISUAL_MII_14A.png","",0,0,1280,720
255,255,255,0,0,100,100,100,"VISUAL_MII_E01A.png","",0,0,1280,720
255,255,255,0,0,100,100,100,"VISUAL_KANAME_01A.png","",0,0,1280,720
255,255,255,0,0,100,100,100,"VISUAL_KANAME_01A.png","VISUAL_KANAME_01B.png",259,0,1280,720
255,255,255,0,0,100,100,100,"VISUAL_KANAME_02A.png","",0,0,1280,720
255,255,255,0,0,100,100,100,"VISUAL_KANAME_03A.png","",0,0,1280,720
255,255,255,0,0,100,100,100,"VISUAL_KANAME_04A.png","",0,0,1280,720
255,255,255,0,0,100,100,100,"VISUAL_KANAME_04A.png","VISUAL_KANAME_04B.png",136,0,1280,720
255,255,255,0,0,100,100,100,"VISUAL_KANAME_04A.png","VISUAL_KANAME_04C.png",0,43,1280,720
255,255,255,0,0,100,100,100,"VISUAL_KANAME_04A.png","VISUAL_KANAME_04D.png",0,0,1280,720
255,255,255,0,0,100,100,100,"VISUAL_KANAME_05A.png","",0,0,1280,720
255,255,255,0,0,100,100,100,"VISUAL_KANAME_05A.png","VISUAL_KANAME_05B.png",45,0,1280,720
255,255,255,0,0,100,100,100,"VISUAL_KANAME_05A.png","VISUAL_KANAME_05C.png",5,0,1280,720
255,255,255,0,0,100,100,100,"VISUAL_KANAME_05D.png","",0,0,1280,720
255,255,255,0,0,100,100,100,"VISUAL_KANAME_05D.png","VISUAL_KANAME_05E.png",158,0,1280,720
255,255,255,0,0,100,100,100,"VISUAL_KANAME_05D.png","VISUAL_KANAME_05F.png",158,0,1280,720
255,255,255,0,0,100,100,100,"VISUAL_KANAME_06A.png","",0,0,1280,720
255,255,255,0,0,100,100,100,"VISUAL_KANAME_06A.png","VISUAL_KANAME_06B.png",189,0,1280,720
255,255,255,0,0,100,100,100,"VISUAL_KANAME_06A.png","VISUAL_KANAME_06C.png",211,0,1280,720
255,255,255,0,0,100,100,100,"VISUAL_KANAME_06A.png","VISUAL_KANAME_06D.png",189,0,1280,720
255,255,255,0,0,100,100,100,"VISUAL_KANAME_06A.png","VISUAL_KANAME_06E.png",179,0,1280,720
255,255,255,0,0,100,100,100,"VISUAL_KANAME_06A.png","VISUAL_KANAME_06F.png",111,0,1280,720
255,255,255,0,0,100,100,100,"VISUAL_KANAME_07A.png","",0,0,1280,720
255,255,255,0,0,100,100,100,"VISUAL_KANAME_07A.png","VISUAL_KANAME_07B.png",12,0,1280,720
255,255,255,0,0,100,100,100,"VISUAL_KANAME_07C.png","",0,0,1280,720
255,255,255,0,0,100,100,100,"VISUAL_KANAME_10A.png","",0,0,1280,720
255,255,255,0,0,100,100,100,"VISUAL_KANAME_E01A.png","",0,0,1280,720
255,255,255,0,0,100,100,100,"VISUAL_CHISEKA_01A.png","",0,0,1280,720
255,255,255,0,0,100,100,100,"VISUAL_CHISEKA_02A.png","",0,0,1280,720
255,255,255,0,0,100,100,100,"VISUAL_CHISEKA_03A.png","",0,0,1280,720
255,255,255,0,0,100,100,100,"VISUAL_CHISEKA_03A.png","VISUAL_CHISEKA_03B.png",65,1,1280,720
255,255,255,0,0,100,100,100,"VISUAL_CHISEKA_04A.png","",0,0,1280,720
255,255,255,0,0,100,100,100,"VISUAL_ETC_01A.png","",0,0,1280,720
255,255,255,0,0,100,100,100,"VISUAL_ETC_02A.png","",0,0,1280,720
255,255,255,0,0,100,100,100,"VISUAL_ETC_03A.png","",0,0,1280,720
255,255,255,0,0,100,100,100,"VISUAL_ETC_04A.png","",0,0,1280,720
255,255,255,0,0,100,100,100,"BG_SJ_2FROKA01A.png","",0,0,1280,720
255,255,255,0,0,100,100,100,"BG_SJ_2FROKA01A.png","BG_SJ_2FROKA01B.png",0,0,1280,720
255,247,225,0,0,100,100,100,"BG_SJ_2FROKA02A.png","",0,0,1280,720
255,247,225,0,0,100,100,100,"BG_SJ_2FROKA02A.png","BG_SJ_2FROKA02B.png",186,0,1280,720
255,255,255,0,0,100,100,100,"BG_SJ_2FROKA03A.png","",0,0,1280,720
255,255,255,0,0,100,100,100,"BG_SJ_2FROKA03A.png","BG_SJ_2FROKA03B.png",253,0,1280,720
170,205,240,0,0,100,100,100,"BG_SJ_2FROKA03C.png","",0,0,1280,720
255,255,255,0,0,100,100,100,"BG_SJ_CHUBO01A.png","",0,0,1280,720
255,255,255,0,0,100,100,100,"BG_SJ_CHUBO01B.png","",0,0,1280,720
255,247,225,0,0,100,100,100,"BG_SJ_CHUBO02A.png","",0,0,1280,720
255,247,225,0,0,100,100,100,"BG_SJ_CHUBO02B.png","",0,0,1280,720
255,255,255,0,0,100,100,100,"BG_SJ_CHUBO03A.png","",0,0,1280,720
255,255,255,0,0,100,100,100,"BG_SJ_CHUBO03A.png","BG_SJ_CHUBO03B.png",165,0,1280,720
208,227,255,0,0,100,100,100,"BG_SJ_CHUBO03C.png","",0,0,1280,720
208,227,255,0,0,100,100,100,"BG_SJ_CHUBO03C.png","BG_SJ_CHUBO03D.png",204,0,1280,720
255,255,255,0,0,100,100,100,"BG_SJ_COUNTER01A.png","",0,0,1280,720
255,255,255,0,0,100,100,100,"BG_SJ_COUNTER01A.png","BG_SJ_COUNTER03A.png",152,0,1280,720
255,255,255,0,0,100,100,100,"BG_SJ_COUNTERURA01A.png","",0,0,1280,720
255,245,228,0,0,100,100,100,"BG_SJ_COUNTERURA02A.png","",0,0,1280,720
255,255,255,0,0,100,100,100,"BG_SJ_COUNTERURA03A.png","",0,0,1280,720
208,227,255,0,0,100,100,100,"BG_SJ_COUNTERURA03B.png","",0,0,1280,720
208,227,255,0,0,100,100,100,"BG_SJ_COUNTERURA03C.png","",0,0,1280,720
255,255,255,851,0,80,80,100,"BG_SJ_GAIKAN01A.png","",0,0,2297,960
255,255,255,851,0,80,80,100,"BG_SJ_GAIKAN01B.png","",0,0,2297,960
255,255,255,851,0,80,80,100,"BG_SJ_GAIKAN01C.png","",0,0,2297,960
226,243,255,474,0,80,80,100,"BG_SJ_GAIKAN01D.png","",0,0,1920,960
255,240,214,851,0,80,80,100,"BG_SJ_GAIKAN02A.png","",0,0,2297,960
255,240,214,851,0,80,80,100,"BG_SJ_GAIKAN02B.png","",0,0,2297,960
227,243,255,851,0,80,80,100,"BG_SJ_GAIKAN03A.png","",0,0,2297,960
227,243,255,851,0,80,80,100,"BG_SJ_GAIKAN03B.png","",0,0,2297,960
203,228,246,851,0,80,80,100,"BG_SJ_GAIKAN03C.png","",0,0,2297,960
203,228,246,851,0,80,80,100,"BG_SJ_GAIKAN03D.png","",0,0,2297,960
255,255,255,0,0,100,100,100,"BG_SJ_KAIDAN01A.png","",0,0,1280,720
255,244,224,0,0,100,100,100,"BG_SJ_KAIDAN02A.png","",0,0,1280,720
255,255,255,0,0,100,100,100,"BG_SJ_KAIDAN03A.png","",0,0,1280,720
172,204,240,0,0,100,100,100,"BG_SJ_KAIDAN03B.png","",0,0,1280,720
255,255,255,0,0,100,100,100,"BG_SJ_KYUKEISHITSU01A.png","",0,0,1280,720
255,255,255,0,0,100,100,100,"BG_SJ_KYUKEISHITSU01A.png","BG_SJ_KYUKEISHITSU02A.png",0,8,1280,720
255,255,255,0,0,100,100,100,"BG_SJ_MISEMAE01A.png","",0,0,1280,720
255,255,255,0,0,100,100,100,"BG_SJ_MISEMAE01B.png","",0,0,1280,720
255,244,224,0,0,100,100,100,"BG_SJ_MISEMAE02A.png","",0,0,1280,720
255,244,224,0,0,100,100,100,"BG_SJ_MISEMAE02B.png","",0,0,1280,720
222,238,255,0,0,100,100,100,"BG_SJ_MISEMAE03A.png","",0,0,1280,720
222,238,255,0,0,100,100,100,"BG_SJ_MISEMAE03B.png","",0,0,1280,720
203,228,246,0,0,100,100,100,"BG_SJ_MISEMAE03C.png","",0,0,1280,720
255,255,255,0,0,100,100,100,"BG_SJ_TENNAI01A.png","",0,0,1280,720
255,255,255,0,0,100,100,100,"BG_SJ_TENNAI01A.png","BG_SJ_TENNAI01B.png",254,0,1280,720
255,245,235,0,0,100,100,100,"BG_SJ_TENNAI02A.png","",0,0,1280,720
255,245,235,0,0,100,100,100,"BG_SJ_TENNAI02A.png","BG_SJ_TENNAI02B.png",21,0,1280,720
255,255,255,0,0,100,100,100,"BG_SJ_TENNAI03A.png","",0,0,1280,720
255,255,255,0,0,100,100,100,"BG_SJ_TENNAI03A.png","BG_SJ_TENNAI03B.png",241,0,1280,720
172,204,240,0,0,100,100,100,"BG_SJ_TENNAI03C.png","",0,0,1280,720
255,255,255,0,0,100,100,100,"BG_SJ_URAGUCHI02A.png","",0,0,1280,720
255,255,255,0,0,100,100,100,"BG_SJ_YU01A.png","",0,0,1280,720
255,255,255,0,0,100,100,100,"BG_SJ_YU01A.png","BG_SJ_YU01B.png",0,0,1280,720
255,255,255,0,0,100,100,100,"BG_SJ_YU01A.png","BG_SJ_YU01C.png",0,0,1280,720
255,255,255,0,0,100,100,100,"BG_SJ_YU01A.png","BG_SJ_YU01D.png",0,0,1280,720
255,255,255,0,0,100,100,100,"BG_SJ_YU01E.png","",0,0,1280,720
255,255,255,0,0,100,100,100,"BG_SJ_YU01E.png","BG_SJ_YU01F.png",0,84,1280,720
255,242,230,0,0,100,100,100,"BG_SJ_YU02A.png","",0,0,1280,720
255,242,230,0,0,100,100,100,"BG_SJ_YU02A.png","BG_SJ_YU02B.png",0,0,1280,720
255,255,255,0,0,100,100,100,"BG_SJ_YU03A.png","",0,0,1280,720
255,255,255,0,0,100,100,100,"BG_SJ_YU03A.png","BG_SJ_YU03B.png",0,0,1280,720
255,255,255,0,0,100,100,100,"BG_SJ_YU03A.png","BG_SJ_YU03C.png",0,0,1280,720
255,255,255,0,0,100,100,100,"BG_SJ_YU03A.png","BG_SJ_YU03D.png",0,0,1280,720
255,255,255,0,0,100,100,100,"BG_SJ_YU03A.png","BG_SJ_YU03E.png",0,0,1280,720
255,255,255,0,0,100,100,100,"BG_SJ_YU03A.png","BG_SJ_YU03F.png",0,0,1280,720
255,255,255,0,0,100,100,100,"BG_SJ_YU03A.png","BG_SJ_YU03G.png",0,0,1280,720
171,203,243,0,0,100,100,100,"BG_SJ_YU03H.png","",0,0,1280,720
171,203,243,0,0,100,100,100,"BG_SJ_YU03H.png","BG_SJ_YU03I.png",0,0,1280,720
171,203,243,0,0,100,100,100,"BG_SJ_YU03H.png","BG_SJ_YU03J.png",0,0,1280,720
171,203,243,0,0,100,100,100,"BG_SJ_YU03H.png","BG_SJ_YU03K.png",0,0,1280,720
171,203,243,0,0,100,100,100,"BG_SJ_YU03H.png","BG_SJ_YU03L.png",76,86,1280,720
171,203,243,0,0,100,100,100,"BG_SJ_YU03H.png","BG_SJ_YU03M.png",0,0,1280,720
240,249,255,0,0,100,100,100,"BG_SJ_YU03N.png","",0,0,1280,720
255,255,255,0,0,100,100,100,"BG_TD_1FROKA01A.png","",0,0,1280,720
255,255,255,0,0,100,100,100,"BG_TD_1FROKA01B.png","",0,0,1280,720
255,255,255,0,0,100,100,100,"BG_TD_1FROKA03A.png","",0,0,1280,720
255,255,255,0,0,100,100,100,"BG_TD_1FROKA03A.png","BG_TD_1FROKA03B.png",246,0,1280,720
255,255,255,0,0,100,100,100,"BG_TD_FURO01A.png","",0,0,1280,720
255,248,236,0,0,100,100,100,"BG_TD_FURO03A.png","",0,0,1280,720
255,255,255,0,0,100,100,100,"BG_TD_GAIKAN01A.png","",0,0,1280,720
255,255,255,0,0,100,100,100,"BG_TD_GAIKAN01B.png","",0,0,1280,720
236,249,255,0,0,100,100,100,"BG_TD_GAIKAN01C.png","",0,0,1280,720
250,242,206,0,0,100,100,100,"BG_TD_GAIKAN02A.png","",0,0,1280,720
250,242,206,0,0,100,100,100,"BG_TD_GAIKAN02B.png","",0,0,1280,720
190,210,240,0,0,100,100,100,"BG_TD_GAIKAN03A.png","",0,0,1280,720
190,210,240,0,0,100,100,100,"BG_TD_GAIKAN03B.png","",0,0,1280,720
255,255,255,0,0,100,100,100,"BG_TD_GENKAN01A.png","",0,0,1280,720
255,255,255,0,0,100,100,100,"BG_TD_GENKAN01B.png","",0,0,1280,720
255,255,255,0,0,100,100,100,"BG_TD_GENKAN01C.png","",0,0,1280,720
250,241,223,0,0,100,100,100,"BG_TD_GENKAN02A.png","",0,0,1280,720
250,241,223,0,0,100,100,100,"BG_TD_GENKAN02B.png","",0,0,1280,720
255,255,255,0,0,100,100,100,"BG_TD_GENKAN03A.png","",0,0,1280,720
255,255,255,0,0,100,100,100,"BG_TD_GENKAN03B.png","",0,0,1280,720
255,255,255,0,0,100,100,100,"BG_TD_GENKANMAE01A.png","",0,0,1280,720
255,255,255,0,0,100,100,100,"BG_TD_GENKANMAE01A.png","BG_TD_GENKANMAE01B.png",7,5,1280,720
252,244,217,0,0,100,100,100,"BG_TD_GENKANMAE02A.png","",0,0,1280,720
252,244,217,0,0,100,100,100,"BG_TD_GENKANMAE02A.png","BG_TD_GENKANMAE02B.png",113,0,1280,720
199,215,240,0,0,100,100,100,"BG_TD_GENKANMAE03A.png","",0,0,1280,720
199,215,240,0,0,100,100,100,"BG_TD_GENKANMAE03B.png","",0,0,1280,720
255,255,255,0,0,100,100,100,"BG_TD_IMA01A.png","",0,0,1280,720
255,255,255,0,0,100,100,100,"BG_TD_IMA01A.png","BG_TD_IMA01B.png",2,0,1280,720
255,255,255,0,0,100,100,100,"BG_TD_IMA01A.png","BG_TD_IMA01C.png",0,0,1280,720
255,255,255,0,0,100,100,100,"BG_TD_IMA01A.png","BG_TD_IMA01D.png",0,0,1280,720
255,255,255,0,0,100,100,100,"BG_TD_IMA01A.png","BG_TD_IMA01E.png",0,0,1280,720
255,243,231,0,0,100,100,100,"BG_TD_IMA02A.png","",0,0,1280,720
255,243,231,0,0,100,100,100,"BG_TD_IMA02A.png","BG_TD_IMA02B.png",225,0,1280,720
255,243,231,0,0,100,100,100,"BG_TD_IMA02A.png","BG_TD_IMA02C.png",0,145,1280,720
255,243,231,0,0,100,100,100,"BG_TD_IMA02A.png","BG_TD_IMA02D.png",0,0,1280,720
255,255,255,0,0,100,100,100,"BG_TD_IMA03A.png","",0,0,1280,720
255,255,255,0,0,100,100,100,"BG_TD_IMA03A.png","BG_TD_IMA03B.png",143,0,1280,720
255,255,255,0,0,100,100,100,"BG_TD_IMA03A.png","BG_TD_IMA03C.png",0,0,1280,720
255,255,255,0,0,100,100,100,"BG_TD_IMA03A.png","BG_TD_IMA03D.png",0,0,1280,720
255,255,255,0,0,100,100,100,"BG_TD_IMA03A.png","BG_TD_IMA03E.png",0,0,1280,720
255,255,255,0,0,100,100,100,"BG_TD_IMA03A.png","BG_TD_IMA03F.png",0,0,1280,720
255,255,255,0,0,100,100,100,"BG_TD_IMA03A.png","BG_TD_IMA03G.png",0,0,1280,720
255,255,255,0,0,100,100,100,"BG_TD_IMA03A.png","BG_TD_IMA03H.png",0,0,1280,720
255,255,255,0,0,100,100,100,"BG_TD_KINO01A.png","",0,0,1280,720
255,255,255,0,0,100,100,100,"BG_TD_KINO03A.png","",0,0,1280,720
255,255,255,0,0,100,100,100,"BG_TD_KINO03A.png","BG_TD_KINO03B.png",0,40,1280,720
190,210,240,0,0,100,100,100,"BG_TD_KINO03C.png","",0,0,1280,720
190,210,240,0,0,100,100,100,"BG_TD_KINO03C.png","BG_TD_KINO03D.png",0,25,1280,720
255,255,255,0,0,100,100,100,"BG_TD_KITCHEN01A.png","",0,0,1280,720
255,255,255,0,0,100,100,100,"BG_TD_KITCHEN03A.png","",0,0,1280,720
255,255,255,0,0,100,100,100,"BG_TD_SAKURAKO01A.png","",0,0,1280,720
255,255,255,0,0,100,100,100,"BG_TD_SAKURAKO03A.png","",0,0,1280,720
200,224,255,0,0,100,100,100,"BG_TD_SAKURAKO03B.png","",0,0,1280,720
255,255,255,0,0,100,100,100,"BG_TD_SAKURAKO03C.png","",0,0,1280,720
255,255,255,0,0,100,100,100,"BG_GK_CHURIN01A.png","",0,0,1280,720
255,255,255,0,0,100,100,100,"BG_GK_CHURIN01B.png","",0,0,1280,720
255,247,236,0,0,100,100,100,"BG_GK_CHURIN02A.png","",0,0,1280,720
255,255,255,0,0,100,100,100,"BG_GK_GAIKAN01A.png","",0,0,1280,720
255,248,221,0,0,100,100,100,"BG_GK_GAIKAN02A.png","",0,0,1280,720
255,255,255,0,0,100,100,100,"BG_GK_HOSOSHITSU01A.png","",0,0,1280,720
255,255,255,0,0,100,100,100,"BG_GK_KAIDAN01A.png","",0,0,1280,720
255,255,255,0,0,100,100,100,"BG_GK_KAIDAN01B.png","",0,0,1280,720
255,255,255,0,0,100,100,100,"BG_GK_KOMON01A.png","",0,0,1280,720
255,255,255,0,0,100,100,100,"BG_GK_KOMON01A.png","BG_GK_KOMON01B.png",65,12,1280,720
255,255,255,0,0,100,100,100,"BG_GK_KOMON01C.png","",0,0,1280,720
255,255,255,0,0,100,100,100,"BG_GK_KOMON01D.png","",0,0,1280,720
255,255,255,0,0,100,100,100,"BG_GK_KOMON01E.png","",0,0,1280,720
255,255,255,0,0,100,100,100,"BG_GK_KOMON02A.png","",0,0,1280,720
255,242,219,0,0,100,100,100,"BG_GK_KOMON02B.png","",0,0,1280,720
255,255,255,0,0,100,100,100,"BG_GK_KOMON02C.png","",0,0,1280,720
255,255,255,0,0,100,100,100,"BG_GK_KOMON02C.png","BG_GK_KOMON03A.png",0,0,1280,720
255,255,255,0,0,100,100,100,"BG_GK_KOTEI01A.png","",0,0,1280,720
255,255,255,0,0,100,100,100,"BG_GK_KYOSHITSU01A.png","",0,0,1280,720
255,255,255,0,0,100,100,100,"BG_GK_KYOSHITSU01A.png","BG_GK_KYOSHITSU01B.png",77,5,1280,720
255,255,255,0,0,100,100,100,"BG_GK_KYOSHITSU01C.png","",0,0,1280,720
255,255,255,0,0,100,100,100,"BG_GK_KYOSHITSU01C.png","BG_GK_KYOSHITSU01D.png",48,0,1280,720
255,255,255,0,0,100,100,100,"BG_GK_KYOSHITSU01E.png","",0,0,1280,720
255,255,255,0,0,100,100,100,"BG_GK_KYOSHITSU01F.png","",0,0,1280,720
255,255,255,0,0,100,100,100,"BG_GK_KYOSHITSU01G.png","",0,0,1280,720
255,244,228,0,0,100,100,100,"BG_GK_KYOSHITSU02A.png","",0,0,1280,720
255,244,228,0,0,100,100,100,"BG_GK_KYOSHITSU02A.png","BG_GK_KYOSHITSU02B.png",73,9,1280,720
255,255,255,0,0,100,100,100,"BG_GK_KYOSHITSU03A.png","",0,0,1280,720
255,255,255,0,0,100,100,100,"BG_GK_KYOSHITSU03A.png","BG_GK_KYOSHITSU03B.png",118,7,1280,720
255,255,255,0,0,100,100,100,"BG_GK_KYOSHITSU03C.png","",0,0,1280,720
190,210,240,0,0,100,100,100,"BG_GK_KYOSHITSU03D.png","",0,0,1280,720
255,255,255,0,0,100,100,100,"BG_GK_OKUJYO01A.png","",0,0,1280,720
239,247,255,0,0,100,100,100,"BG_GK_OKUJYO01B.png","",0,0,1280,720
255,255,255,0,0,100,100,100,"BG_GK_POOL01A.png","",0,0,1280,720
255,255,255,0,0,100,100,100,"BG_GK_POOL01B.png","",0,0,1280,720
255,255,255,0,0,100,100,100,"BG_GK_POOL01C.png","",0,0,1280,720
255,255,255,0,0,100,100,100,"BG_GK_RIJICHO01A.png","",0,0,1280,720
255,255,255,0,0,100,100,100,"BG_GK_ROKA01A.png","",0,0,1280,720
255,255,255,0,0,100,100,100,"BG_GK_ROKA01B.png","",0,0,1280,720
255,255,255,0,0,100,100,100,"BG_GK_ROKA01C.png","",0,0,1280,720
255,241,223,0,0,100,100,100,"BG_GK_ROKA02A.png","",0,0,1280,720
255,241,223,0,0,100,100,100,"BG_GK_ROKA02B.png","",0,0,1280,720
255,255,255,0,0,100,100,100,"BG_GK_ROKA03A.png","",0,0,1280,720
255,255,255,0,0,100,100,100,"BG_GK_ROKA03B.png","",0,0,1280,720
255,255,255,0,0,100,100,100,"BG_GK_SYOKUDO01A.png","",0,0,1280,720
255,255,255,0,0,100,100,100,"BG_GK_SYOKUDOTERA01A.png","",0,0,1280,720
255,255,255,0,0,100,100,100,"BG_GK_SYOKUINSHITSU01A.png","",0,0,1280,720
255,255,255,0,0,100,100,100,"BG_GK_SYOKUINSHITSU01B.png","",0,0,1280,720
255,255,255,0,0,100,100,100,"BG_GK_SYOKUINSHITSU01B.png","BG_GK_TAIIKUKANMAE01A.png",123,0,1280,720
255,255,255,0,0,100,100,100,"BG_GK_SYOKUINSHITSU01B.png","BG_GK_TAIIKUKANMAE01B.png",123,0,1280,720
255,255,255,0,0,100,100,100,"BG_GK_SYOKUINSHITSU01B.png","BG_GK_TAIIKUKANURA01A.png",123,0,1280,720
255,255,255,0,0,100,100,100,"BG_GK_TENNIS01A.png","",0,0,1280,720
255,255,255,0,0,100,100,100,"BG_GK_TOSYOSHITSU01A.png","",0,0,1280,720
255,255,255,0,0,100,100,100,"BG_GK_TOSYOSHITSU01B.png","",0,0,1280,720
242,249,255,0,0,100,100,100,"BG_HS_ISAKI01A.png","",0,0,1280,720
255,241,231,0,0,100,100,100,"BG_HS_ISAKI02A.png","",0,0,1280,720
255,255,255,0,0,100,100,100,"BG_HS_ISAKIMAE01A.png","",0,0,1280,720
255,255,255,0,0,100,100,100,"BG_HS_ISAKIMAE01B.png","",0,0,1280,720
255,255,255,0,0,100,100,100,"BG_HS_MAE01A.png","",0,0,1280,720
255,245,230,0,0,100,100,100,"BG_HS_MAE02A.png","",0,0,1280,720
255,255,255,0,0,100,100,100,"BG_HS_MAE02B.png","",0,0,1280,720
255,245,230,0,0,100,100,100,"BG_HS_MAE02C.png","",0,0,1280,720
233,246,255,0,0,100,100,100,"BG_HS_MAE03A.png","",0,0,1280,720
255,255,255,0,0,100,100,100,"BG_HS_MAE03B.png","",0,0,1280,720
255,255,255,0,0,100,100,100,"BG_HS_TENNAI01A.png","",0,0,1280,720
255,255,255,0,0,100,100,100,"BG_HS_TENNAI02A.png","",0,0,1280,720
255,255,255,0,0,100,100,100,"BG_HS_TENNAI03A.png","",0,0,1280,720
255,255,255,0,0,100,100,100,"BG_MT_ARIKAWAGAIKAN01A.png","",0,0,1280,720
255,247,236,0,0,100,100,100,"BG_MT_ARIKAWAGAIKAN02A.png","",0,0,1280,720
207,224,242,0,0,100,100,100,"BG_MT_ARIKAWAGAIKAN03A.png","",0,0,1280,720
255,255,255,0,0,100,100,100,"BG_MT_ARIKAWAJIMUSYO01A.png","",0,0,1280,720
251,255,224,0,0,100,100,100,"BG_MT_ARIKAWAJIMUSYO02A.png","",0,0,1280,720
242,248,255,0,0,100,100,100,"BG_MT_ARIKAWAKOJYO01A.png","",0,0,1280,720
255,255,255,0,0,100,100,100,"BG_MT_BOCHI01A.png","",0,0,1280,720
255,255,255,0,0,100,100,100,"BG_MT_BOROAPART03A.png","",0,0,1280,720
255,255,255,0,0,100,100,100,"BG_MT_BOROAPARTGAIKAN01A.png","",0,0,1280,720
224,235,255,0,0,100,100,100,"BG_MT_BOROAPARTGAIKAN03A.png","",0,0,1280,720
255,255,255,0,0,100,100,100,"BG_MT_CAFE01A.png","",0,0,1280,720
255,248,233,0,0,100,100,100,"BG_MT_CAFE02A.png","",0,0,1280,720
255,240,230,0,0,100,100,100,"BG_MT_DAGASHIYA02A.png","",0,0,1280,720
255,255,255,750,0,100,100,100,"BG_MT_EKI01A.png","",0,0,2361,960
255,240,230,750,0,100,100,100,"BG_MT_EKI02A.png","",0,0,2361,960
224,235,255,750,0,100,100,100,"BG_MT_EKI03A.png","",0,0,2361,960
255,255,255,0,362,100,100,100,"BG_MT_ENKEI01A.png","",0,0,1280,1443
255,255,255,0,0,100,100,100,"BG_MT_ENKEI01B.png","",0,0,1280,960
255,255,255,0,0,100,100,100,"BG_MT_ENKEI02A.png","",0,0,1280,720
255,255,255,0,0,100,100,100,"BG_MT_ENKEI03A.png","",0,0,1280,720
255,255,255,0,0,100,100,100,"BG_MT_FANCYSHOP01A.png","",0,0,1280,720
255,255,255,0,0,100,100,100,"BG_MT_JINJYAKEIDAI01A.png","",0,0,1280,720
244,248,255,0,0,100,100,100,"BG_MT_JINJYAKEIDAI01B.png","",0,0,1280,720
244,248,255,0,0,100,100,100,"BG_MT_JINJYAKEIDAI01C.png","",0,0,1280,720
255,255,255,0,0,100,100,100,"BG_MT_JINJYAKEIDAI01D.png","",0,0,1280,720
255,243,231,0,0,100,100,100,"BG_MT_JINJYAKEIDAI02A.png","",0,0,1280,720
255,255,255,0,0,100,100,100,"BG_MT_JINJYAKEIDAI03A.png","",0,0,1280,720
226,235,255,0,0,100,100,100,"BG_MT_JINJYAKEIDAI03B.png","",0,0,1280,720
255,255,255,0,0,100,100,100,"BG_MT_JINJYAMAE01A.png","",0,0,1280,720
255,243,231,0,0,100,100,100,"BG_MT_JINJYAMAE02A.png","",0,0,1280,720
255,243,231,0,0,100,100,100,"BG_MT_JINJYAMAE02A.png","BG_MT_JINJYAMAE02B.png",0,0,1280,720
230,240,255,0,0,100,100,100,"BG_MT_JINJYAMAE03A.png","",0,0,1280,720
236,245,255,0,0,100,100,100,"BG_MT_JINJYAMAE03B.png","",0,0,1280,720
255,255,255,0,0,100,100,100,"BG_MT_JINJYAMICHI01A.png","",0,0,1280,720
255,240,220,0,0,100,100,100,"BG_MT_JINJYAMICHI02A.png","",0,0,1280,720
255,255,255,0,0,100,100,100,"BG_MT_JINJYASYUHEN01A.png","",0,0,1280,720
255,255,255,0,0,100,100,100,"BG_MT_KANAME01A.png","",0,0,1280,720
255,255,255,0,0,100,100,100,"BG_MT_KANAME01A.png","BG_MT_KANAME01B.png",49,36,1280,720
255,255,255,0,0,100,100,100,"BG_MT_KANAME03A.png","",0,0,1280,720
197,210,242,0,0,100,100,100,"BG_MT_KANAME03B.png","",0,0,1280,720
255,255,255,0,0,100,100,100,"BG_MT_KANAMEMANSION01A.png","",0,0,1280,720
215,226,242,0,0,100,100,100,"BG_MT_KANAMEMANSION03A.png","",0,0,1280,720
255,255,255,0,0,100,100,100,"BG_MT_KAWARA01A.png","",0,0,1280,720
255,255,255,0,0,100,100,100,"BG_MT_KAWARA01B.png","",0,0,1280,720
255,255,255,0,0,100,100,100,"BG_MT_KAWARA01C.png","",0,0,1280,720
219,230,255,0,0,100,100,100,"BG_MT_KAWARA01D.png","",0,0,1280,720
255,247,236,0,0,100,100,100,"BG_MT_KAWARA02A.png","",0,0,1280,720
230,239,255,0,0,100,100,100,"BG_MT_KAWARA03A.png","",0,0,1280,720
197,210,242,0,0,100,100,100,"BG_MT_KAWARA03B.png","",0,0,1280,720
255,255,255,0,0,100,100,100,"BG_MT_KOEN01A.png","",0,0,1280,720
213,234,255,0,0,100,100,100,"BG_MT_KOEN03A.png","",0,0,1280,720
255,255,255,0,0,100,100,100,"BG_MT_MICHI01A.png","",0,0,1280,720
255,255,255,0,0,100,100,100,"BG_MT_NEWSYOTEN01A.png","",0,0,1280,720
255,255,255,0,0,100,100,100,"BG_MT_NEWSYOTEN01A.png","BG_MT_NEWSYOTEN01B.png",41,0,1280,720
255,246,233,0,0,100,100,100,"BG_MT_NEWSYOTEN02A.png","",0,0,1280,720
255,246,233,0,0,100,100,100,"BG_MT_NEWSYOTEN02A.png","BG_MT_NEWSYOTEN02B.png",73,0,1280,720
244,248,255,0,0,100,100,100,"BG_MT_NEWSYOTEN03A.png","",0,0,1280,720
244,248,255,0,0,100,100,100,"BG_MT_NEWSYOTEN03A.png","BG_MT_NEWSYOTEN03B.png",76,0,1280,720
255,255,255,0,0,100,100,100,"BG_MT_OLDAPART01A.png","",0,0,1280,720
255,255,255,0,0,100,100,100,"BG_MT_OLDAPART01B.png","",0,0,1280,720
255,255,255,0,0,100,100,100,"BG_MT_OLDAPART01C.png","",0,0,1280,720
255,255,255,0,0,100,100,100,"BG_MT_OLDAPART01D.png","",0,0,1280,720
255,255,255,0,0,100,100,100,"BG_MT_OLDAPART01E.png","",0,0,1280,720
255,255,255,0,0,100,100,100,"BG_MT_OLDSYOTEN01A.png","",0,0,1280,720
255,255,255,0,0,100,100,100,"BG_MT_SENTO01A.png","",0,0,1280,720
232,243,255,0,0,100,100,100,"BG_MT_SENTO03A.png","",0,0,1280,720
255,255,255,0,0,100,100,100,"BG_MT_SENTOONNA03A.png","",0,0,1280,720
255,255,255,0,0,100,100,100,"BG_MT_SENTOOTOKO03A.png","",0,0,1280,720
255,255,255,0,0,100,100,100,"BG_MT_SHIGAICHI01A.png","",0,0,1280,720
234,246,255,0,0,100,100,100,"BG_MT_SHIGAICHI03A.png","",0,0,1280,720
255,255,255,0,0,100,100,100,"BG_MT_TEIBO01A.png","",0,0,1280,720
255,241,218,0,0,100,100,100,"BG_MT_TEIBO02A.png","",0,0,1280,720
199,215,242,0,0,100,100,100,"BG_MT_TEIBO03A.png","",0,0,1280,720
255,255,255,0,0,100,100,100,"BG_MT_TODOROKIMICHI01A.png","",0,0,1280,720
255,255,255,0,0,100,100,100,"BG_MT_TODOROKIMICHI01B.png","",0,0,1280,720
255,243,211,0,0,100,100,100,"BG_MT_TODOROKIMICHI02A.png","",0,0,1280,720
204,225,240,0,0,100,100,100,"BG_MT_TODOROKIMICHI03A.png","",0,0,1280,720
255,255,255,0,0,100,100,100,"BG_MT_TSUGAKURO01A.png","",0,0,1280,720
231,237,255,0,0,100,100,100,"BG_MT_TSUGAKURO01B.png","",0,0,1280,720
255,255,255,0,0,100,100,100,"BG_MT_TSUGAKURO01C.png","",0,0,1280,720
255,236,211,0,0,100,100,100,"BG_MT_TSUGAKURO02A.png","",0,0,1280,720
227,234,248,0,0,100,100,100,"BG_MT_TSUGAKURO03A.png","",0,0,1280,720
255,255,255,0,0,100,100,100,"BG_MT_YATAI03A.png","",0,0,1280,720
255,246,233,0,0,100,100,100,"BG_MT_YUU01A.png","",0,0,1280,720
255,245,226,0,0,100,100,100,"BG_MT_YUU01B.png","",0,0,1280,720
255,255,255,0,0,100,100,100,"BG_BYOSHITSU01A.png","",0,0,1280,720
255,249,238,0,0,100,100,100,"BG_BYOSHITSU02A.png","",0,0,1280,720
255,255,255,0,0,100,100,100,"BG_BYOSHITSU03A.png","",0,0,1280,720
255,255,255,0,0,100,100,100,"BG_CHUGAKUWATARIROKA01A.png","",0,0,1280,720
255,255,255,0,0,100,100,100,"BG_DAIGAKU01A.png","",0,0,1280,720
255,255,255,0,0,100,100,100,"BG_DAMKOHAN01A.png","",0,0,1280,720
255,255,255,0,0,100,100,100,"BG_DAMKOHAN01B.png","",0,0,1280,720
255,243,223,0,0,100,100,100,"BG_DAMKOHAN02A.png","",0,0,1280,720
215,235,255,0,0,100,100,100,"BG_DAMKOHAN03A.png","",0,0,1280,720
215,235,255,0,0,100,100,100,"BG_DAMKOHAN03A.png","BG_DAMKOHAN03B.png",1,8,1280,720
233,244,255,0,0,100,100,100,"BG_DAMKOHAN03C.png","",0,0,1280,720
255,255,255,0,0,100,100,100,"BG_DAMSANBASHI01A.png","",0,0,1280,720
255,241,223,0,0,100,100,100,"BG_DAMSANBASHI02A.png","",0,0,1280,720
215,235,255,0,0,100,100,100,"BG_DAMSANBASHI03A.png","",0,0,1280,720
255,255,255,0,0,100,100,100,"BG_DENSYA01A.png","",0,0,1280,720
255,255,255,0,0,100,100,100,"BG_DENSYA03A.png","",0,0,1280,720
255,255,255,0,0,100,100,100,"BG_FAMIRES01A.png","",0,0,1280,720
255,255,255,0,0,100,100,100,"BG_GAKUEN01A.png","",0,0,1280,720
255,255,255,0,0,100,100,100,"BG_GAKUENOKUJYO01A.png","",0,0,1280,720
255,255,255,0,0,100,100,100,"BG_ISAKIYUUAPART03A.png","",0,0,1280,720
255,255,255,0,0,100,100,100,"BG_KANAMEOFFICE01A.png","",0,0,1280,721
255,247,248,0,0,100,100,100,"BG_LOVEHOTEL01A.png","",0,0,1280,720
233,246,255,0,0,100,100,100,"BG_MUJINEKI03A.png","",0,0,1280,720
233,246,255,0,0,100,100,100,"BG_MUJINEKI03A.png","BG_MUJINEKI03B.png",206,74,1280,720
255,255,255,0,0,100,100,100,"BG_MUJINEKIMAE01A.png","",0,0,1280,721
255,255,255,0,0,100,100,100,"BG_OLDBYOSHITSU01A.png","",0,0,1280,720
255,255,255,0,0,100,100,100,"BG_SKY01A.png","",0,0,1280,720
255,255,255,0,0,100,100,100,"BG_SKY01B.png","",0,0,1280,720
255,255,255,0,0,100,100,100,"BG_SKY01C.png","",0,0,1280,720
255,255,255,0,0,100,100,100,"BG_SKY02A.png","",0,0,1280,720
255,255,255,0,0,100,100,100,"BG_SKY03A.png","",0,0,1280,720
255,255,255,0,0,100,100,100,"BG_SKY03B.png","",0,0,1280,720
255,255,255,0,0,100,100,100,"BG_SKY03C.png","",0,0,1280,720
255,255,255,0,0,100,100,100,"BG_YAMAMICHI01A.png","",0,0,1280,720
218,238,255,0,0,100,100,100,"BG_YAMAMICHI03A.png","",0,0,1280,720
